0,1,2,3,4,5,6,7,8,9,10,11,12,13,14,15,16,17,18,19,20
0.8140803173029251,0.0,1.0,0.8003524555952326,0.6466431095406361,0.0,1.0,0.0,0.0,1.0,0.0,1.0,0.0,0.0,1.0,0.0,0.0,0.0,1.0,0.0,0.0
0.7397124442240951,0.0,0.0,0.6775495060984094,0.0,1.0,0.0,0.0,0.0,1.0,1.0,0.0,0.0,0.0,0.0,1.0,0.0,0.0,0.0,1.0,0.0
0.9752107089737232,0.0,1.0,0.2309975420859806,0.5742049469964664,0.0,1.0,0.0,0.0,1.0,1.0,0.0,0.0,0.0,1.0,0.0,0.0,0.0,0.0,1.0,0.0
0.5909766980664353,0.0,0.0,0.5338774753049205,0.607773851590106,1.0,0.0,0.0,0.0,1.0,0.0,1.0,0.0,0.0,1.0,0.0,0.0,0.0,0.0,0.0,1.0
0.9628160634605849,1.0,0.0,0.5472800630710013,0.42402826855123676,1.0,0.0,0.0,0.0,1.0,1.0,0.0,0.0,0.0,0.0,1.0,0.0,0.0,0.0,1.0,0.0
0.9876053544868615,0.0,0.0,0.6033483281547094,0.5123674911660777,0.0,1.0,0.0,0.0,1.0,0.0,1.0,0.0,0.0,1.0,0.0,0.0,0.0,1.0,0.0,0.0
0.9008428358948933,1.0,1.0,0.06483327922830773,0.4840989399293286,0.0,1.0,0.0,0.0,1.0,1.0,0.0,0.0,0.0,1.0,0.0,0.0,0.0,0.0,1.0,0.0
0.8388696083292017,0.0,0.0,0.1775263182303019,0.40282685512367494,1.0,0.0,0.0,1.0,0.0,0.0,1.0,0.0,0.0,1.0,0.0,0.0,0.0,0.0,1.0,0.0
0.7149231531978185,0.0,0.0,0.09293697537448409,0.0,1.0,0.0,0.0,0.0,1.0,1.0,0.0,0.0,0.0,1.0,0.0,0.0,1.0,0.0,0.0,0.0
0.9504214179474466,0.0,0.0,0.01140843110884382,0.4275618374558304,1.0,0.0,0.0,0.0,1.0,0.0,1.0,0.0,0.0,1.0,0.0,0.0,1.0,0.0,0.0,0.0
0.9876053544868615,1.0,0.0,0.11278579047442377,0.5247349823321554,1.0,0.0,0.0,0.0,1.0,1.0,0.0,0.0,0.0,1.0,0.0,0.0,0.0,0.0,1.0,0.0
0.7397124442240951,0.0,1.0,0.29842786254231785,0.6501766784452296,1.0,0.0,0.0,0.0,1.0,1.0,0.0,1.0,0.0,0.0,0.0,0.0,0.0,0.0,0.0,1.0
0.6529499256321268,0.0,0.0,0.2244585632796921,0.48233215547703184,1.0,0.0,0.0,0.0,1.0,0.0,1.0,0.0,0.0,1.0,0.0,0.0,0.0,0.0,0.0,1.0
0.9504214179474466,0.0,1.0,0.7593099290451235,0.0,0.0,1.0,0.0,0.0,1.0,0.0,1.0,0.0,0.0,1.0,0.0,0.0,1.0,0.0,0.0,0.0
0.9628160634605849,0.0,1.0,0.7326438807216065,0.49823321554770317,1.0,0.0,0.0,0.0,1.0,0.0,1.0,0.0,0.0,1.0,0.0,0.0,0.0,0.0,1.0,0.0
0.6033713435795736,1.0,0.0,0.516161944070862,0.5459363957597173,1.0,0.0,0.0,0.0,1.0,1.0,0.0,0.0,0.0,0.0,1.0,0.0,0.0,0.0,1.0,0.0
0.7768963807635101,0.0,1.0,0.6283912257107083,0.6625441696113075,0.0,1.0,0.0,0.0,1.0,0.0,1.0,0.0,0.0,1.0,0.0,0.0,0.0,0.0,0.0,1.0
0.9132374814080316,1.0,0.0,0.7660344107962713,0.4558303886925795,0.0,1.0,0.0,0.0,1.0,0.0,1.0,0.0,0.0,1.0,0.0,0.0,0.0,0.0,0.0,1.0
0.7273177987109568,0.0,0.0,0.15355006260724385,0.6678445229681979,1.0,0.0,0.0,1.0,0.0,0.0,1.0,0.0,0.0,1.0,0.0,0.0,0.0,0.0,1.0,0.0
0.6901338621715418,0.0,1.0,0.7465102258498355,0.0,0.0,1.0,0.0,1.0,0.0,0.0,1.0,1.0,0.0,0.0,0.0,0.0,1.0,0.0,0.0,0.0
0.8636588993554783,0.0,0.0,0.6391967722487595,0.3957597173144876,1.0,0.0,0.0,0.0,1.0,1.0,0.0,1.0,0.0,0.0,0.0,0.0,0.0,0.0,0.0,1.0
0.6281606346058503,1.0,0.0,0.8216852942540462,0.8639575971731449,1.0,0.0,0.0,0.0,1.0,0.0,1.0,0.0,0.0,0.0,1.0,0.0,0.0,0.0,1.0,0.0
0.9628160634605849,0.0,0.0,0.8003988313314474,0.4699646643109541,1.0,0.0,0.0,0.0,1.0,0.0,1.0,0.0,0.0,0.0,1.0,0.0,0.0,0.0,1.0,0.0
1.0,0.0,1.0,0.7057923294532302,0.5742049469964664,0.0,1.0,0.0,0.0,1.0,1.0,0.0,0.0,0.0,1.0,0.0,0.0,1.0,0.0,0.0,0.0
0.8636588993554783,0.0,0.0,0.21685294254046283,0.480565371024735,0.0,1.0,0.0,0.0,1.0,0.0,1.0,0.0,0.0,1.0,0.0,0.0,0.0,1.0,0.0,0.0
0.9752107089737232,0.0,0.0,0.2226499095673144,0.41519434628975266,0.0,1.0,0.0,0.0,1.0,1.0,0.0,0.0,0.0,0.0,1.0,0.0,0.0,0.0,1.0,0.0
0.7892910262766484,0.0,0.0,0.20808792839586332,0.49823321554770317,1.0,0.0,0.0,0.0,1.0,1.0,0.0,0.0,0.0,1.0,0.0,0.0,0.0,1.0,0.0,0.0
0.7025285076846801,0.0,0.0,0.6201827204006864,0.0,0.0,1.0,0.0,0.0,1.0,1.0,0.0,0.0,0.0,1.0,0.0,0.0,1.0,0.0,0.0,0.0
0.8388696083292017,0.0,1.0,0.6451792422204703,0.5,0.0,1.0,0.0,0.0,1.0,0.0,1.0,0.0,0.0,0.0,1.0,0.0,0.0,0.0,0.0,1.0
0.7149231531978185,0.0,0.0,0.7219310856559848,0.0,0.0,1.0,0.0,0.0,1.0,1.0,0.0,0.0,0.0,1.0,0.0,0.0,0.0,1.0,0.0,0.0
0.6901338621715418,1.0,0.0,0.7233223577424293,0.7809187279151945,0.0,1.0,0.0,0.0,1.0,0.0,1.0,0.0,0.0,1.0,0.0,0.0,0.0,0.0,0.0,1.0
0.504214179474467,0.0,0.0,0.12660575986643785,0.4487632508833922,0.0,1.0,0.0,0.0,1.0,1.0,0.0,0.0,0.0,1.0,0.0,0.0,1.0,0.0,0.0,0.0
1.0,1.0,0.0,0.6530167416407735,0.392226148409894,1.0,0.0,0.0,0.0,1.0,0.0,1.0,0.0,0.0,0.0,1.0,0.0,0.0,0.0,1.0,0.0
0.9752107089737232,0.0,1.0,0.9117933497194268,0.5388692579505301,0.0,1.0,0.0,0.0,1.0,0.0,1.0,0.0,0.0,0.0,1.0,0.0,0.0,1.0,0.0,0.0
0.578582052553297,0.0,0.0,0.13026944302740806,0.5247349823321554,0.0,1.0,0.0,1.0,0.0,0.0,1.0,1.0,0.0,0.0,0.0,0.0,0.0,0.0,1.0,0.0
1.0,1.0,1.0,0.12948105551175626,0.46819787985865724,1.0,0.0,0.0,1.0,0.0,1.0,0.0,0.0,0.0,1.0,0.0,0.0,0.0,1.0,0.0,0.0
0.9008428358948933,0.0,0.0,0.7587534202105457,0.5954063604240284,0.0,1.0,0.0,0.0,1.0,1.0,0.0,0.0,0.0,1.0,0.0,0.0,0.0,1.0,0.0,0.0
0.8760535448686166,1.0,0.0,0.08588786346983257,0.4081272084805654,1.0,0.0,0.0,0.0,1.0,1.0,0.0,0.0,0.0,1.0,0.0,0.0,0.0,1.0,0.0,0.0
0.7025285076846801,0.0,0.0,0.16931781292028014,0.5653710247349824,0.0,1.0,0.0,1.0,0.0,1.0,0.0,0.0,0.0,1.0,0.0,0.0,1.0,0.0,0.0,0.0
0.5909766980664353,0.0,0.0,0.022260353383109943,0.5282685512367491,1.0,0.0,0.0,0.0,1.0,0.0,1.0,0.0,0.0,1.0,0.0,0.0,0.0,0.0,1.0,0.0
0.9504214179474466,0.0,0.0,0.1016556137828688,0.42226148409893993,0.0,1.0,0.0,0.0,1.0,1.0,0.0,0.0,0.0,1.0,0.0,0.0,0.0,1.0,0.0,0.0
0.6529499256321268,0.0,0.0,0.07007373742058154,0.5035335689045937,0.0,1.0,0.0,0.0,1.0,0.0,1.0,0.0,0.0,1.0,0.0,0.0,0.0,0.0,1.0,0.0
1.0,0.0,1.0,0.41177016185131937,0.4664310954063604,0.0,1.0,0.0,0.0,1.0,0.0,1.0,0.0,0.0,1.0,0.0,0.0,0.0,0.0,0.0,1.0
0.7645017352503718,0.0,0.0,0.16134118629133237,0.0,1.0,0.0,0.0,0.0,1.0,0.0,1.0,0.0,0.0,1.0,0.0,0.0,0.0,1.0,0.0,0.0
0.7273177987109568,1.0,0.0,0.7277280526828365,0.3568904593639576,0.0,1.0,0.0,0.0,1.0,0.0,1.0,1.0,0.0,0.0,0.0,0.0,0.0,0.0,0.0,1.0
0.9256321269211699,1.0,0.0,0.8694059268190883,0.5936395759717314,0.0,1.0,0.0,0.0,1.0,1.0,0.0,0.0,0.0,1.0,0.0,0.0,0.0,0.0,1.0,0.0
0.9132374814080316,0.0,1.0,0.24889857626489825,0.0,1.0,0.0,0.0,1.0,0.0,0.0,1.0,0.0,0.0,0.0,1.0,0.0,1.0,0.0,0.0,0.0
0.7025285076846801,0.0,0.0,0.23721189073876547,0.6819787985865725,1.0,0.0,0.0,0.0,1.0,0.0,1.0,0.0,0.0,1.0,0.0,0.0,0.0,1.0,0.0,0.0
0.9876053544868615,0.0,0.0,0.2004359319204192,0.5954063604240284,0.0,1.0,0.0,0.0,1.0,0.0,1.0,0.0,0.0,0.0,1.0,0.0,0.0,0.0,1.0,0.0
0.467030242935052,1.0,0.0,0.00918239577053287,0.6925795053003534,1.0,0.0,0.0,0.0,1.0,1.0,0.0,0.0,0.0,1.0,0.0,0.0,0.0,0.0,0.0,1.0
0.9256321269211699,0.0,0.0,0.15698186708713996,0.0,1.0,0.0,0.0,1.0,0.0,0.0,1.0,0.0,0.0,1.0,0.0,0.0,1.0,0.0,0.0,0.0
0.9504214179474466,1.0,0.0,0.08908778926865457,0.0,0.0,1.0,0.0,0.0,1.0,0.0,1.0,0.0,0.0,1.0,0.0,0.0,0.0,1.0,0.0,0.0
0.9628160634605849,0.0,1.0,0.3301024903770348,0.48939929328621906,1.0,0.0,0.0,0.0,1.0,1.0,0.0,0.0,0.0,1.0,0.0,0.0,0.0,0.0,1.0,0.0
0.9380267724343083,1.0,0.0,0.315447757733154,0.5547703180212014,1.0,0.0,0.0,0.0,1.0,0.0,1.0,0.0,0.0,0.0,1.0,0.0,0.0,0.0,1.0,0.0
0.7645017352503718,0.0,0.0,0.6558920372860919,0.0,1.0,0.0,0.0,0.0,1.0,0.0,1.0,1.0,0.0,0.0,0.0,0.0,0.0,0.0,1.0,0.0
0.7645017352503718,0.0,1.0,0.6520428511802625,0.6448763250883393,0.0,1.0,0.0,0.0,1.0,1.0,0.0,0.0,0.0,1.0,0.0,0.0,0.0,1.0,0.0,0.0
1.0,0.0,0.0,0.01488661132495478,0.5865724381625442,1.0,0.0,0.0,0.0,1.0,1.0,0.0,0.0,0.0,1.0,0.0,0.0,0.0,0.0,1.0,0.0
0.9504214179474466,0.0,0.0,0.8423688726058527,0.0,0.0,1.0,0.0,0.0,1.0,0.0,1.0,0.0,0.0,1.0,0.0,0.0,0.0,1.0,0.0,0.0
0.888448190381755,1.0,0.0,0.6440662245513149,0.5795053003533569,0.0,1.0,0.0,0.0,1.0,0.0,1.0,0.0,0.0,0.0,1.0,0.0,0.0,0.0,1.0,0.0
0.6529499256321268,1.0,0.0,0.5788619394332886,0.48939929328621906,1.0,0.0,0.0,0.0,1.0,0.0,1.0,1.0,0.0,0.0,0.0,0.0,0.0,0.0,1.0,0.0
0.6777392166584035,0.0,0.0,0.598525251588369,0.7137809187279152,1.0,0.0,0.0,0.0,1.0,0.0,1.0,0.0,0.0,1.0,0.0,0.0,0.0,1.0,0.0,0.0
0.9752107089737232,1.0,0.0,0.08714000834763252,0.392226148409894,1.0,0.0,0.0,0.0,1.0,1.0,0.0,0.0,0.0,1.0,0.0,0.0,0.0,0.0,1.0,0.0
0.8140803173029251,1.0,0.0,0.0270370542132356,0.4469964664310954,1.0,0.0,0.0,0.0,1.0,1.0,0.0,0.0,0.0,0.0,1.0,0.0,0.0,0.0,0.0,1.0
0.541398116013882,0.0,0.0,0.17441914390390945,0.5335689045936396,1.0,0.0,0.0,0.0,1.0,1.0,0.0,0.0,0.0,1.0,0.0,0.0,0.0,1.0,0.0,0.0
0.9132374814080316,0.0,0.0,0.2254324537402031,0.0,0.0,1.0,0.0,0.0,1.0,0.0,1.0,0.0,0.0,1.0,0.0,0.0,1.0,0.0,0.0,0.0
0.9504214179474466,1.0,0.0,0.2638779390622827,0.42402826855123676,0.0,1.0,0.0,1.0,0.0,0.0,1.0,0.0,0.0,1.0,0.0,0.0,0.0,0.0,1.0,0.0
0.8512642538423401,0.0,0.0,0.7673793071465009,0.8392226148409895,1.0,0.0,0.0,0.0,1.0,0.0,1.0,0.0,0.0,1.0,0.0,0.0,0.0,0.0,1.0,0.0
0.9256321269211699,0.0,0.0,0.2242730603348328,0.35865724381625447,0.0,1.0,0.0,0.0,1.0,0.0,1.0,0.0,0.0,1.0,0.0,0.0,1.0,0.0,0.0,0.0
0.7149231531978185,0.0,0.0,0.13968371747901498,0.5300353356890459,0.0,1.0,0.0,0.0,1.0,0.0,1.0,0.0,0.0,1.0,0.0,0.0,0.0,1.0,0.0,0.0
0.9752107089737232,1.0,0.0,0.07679821917172935,0.5106007067137809,1.0,0.0,0.0,0.0,1.0,1.0,0.0,0.0,0.0,0.0,1.0,0.0,0.0,0.0,1.0,0.0
0.9256321269211699,0.0,0.0,0.02995872559476881,0.0,1.0,0.0,0.0,0.0,1.0,1.0,0.0,1.0,0.0,0.0,0.0,0.0,0.0,1.0,0.0,0.0
0.8140803173029251,1.0,0.0,0.5704679311784076,0.4964664310954064,1.0,0.0,0.0,0.0,1.0,1.0,0.0,0.0,0.0,1.0,0.0,0.0,0.0,1.0,0.0,0.0
0.8016856717897868,1.0,0.0,0.2802949496823262,0.549469964664311,1.0,0.0,0.0,0.0,1.0,1.0,0.0,1.0,0.0,0.0,0.0,0.0,0.0,1.0,0.0,0.0
0.7645017352503718,0.0,0.0,0.79974957102444,0.4840989399293286,0.0,1.0,0.0,0.0,1.0,1.0,0.0,0.0,0.0,1.0,0.0,0.0,0.0,0.0,1.0,0.0
0.6281606346058503,0.0,0.0,0.18772898019756062,0.4664310954063604,1.0,0.0,0.0,0.0,1.0,1.0,0.0,0.0,0.0,1.0,0.0,0.0,0.0,0.0,1.0,0.0
0.9752107089737232,0.0,1.0,0.049204656123915946,0.3833922261484099,1.0,0.0,0.0,0.0,1.0,1.0,0.0,0.0,0.0,0.0,1.0,0.0,0.0,1.0,0.0,0.0
0.9752107089737232,1.0,0.0,0.8532207948801187,0.47703180212014135,0.0,1.0,0.0,0.0,1.0,0.0,1.0,0.0,0.0,1.0,0.0,0.0,0.0,0.0,1.0,0.0
0.9628160634605849,0.0,0.0,0.25386078003988305,0.4257950530035336,1.0,0.0,0.0,0.0,1.0,0.0,1.0,0.0,0.0,1.0,0.0,0.0,0.0,1.0,0.0,0.0
0.6157659890927119,0.0,0.0,0.5064230394657516,0.0,1.0,0.0,0.0,0.0,1.0,0.0,1.0,0.0,0.0,1.0,0.0,0.0,0.0,0.0,1.0,0.0
0.5166088249876053,0.0,0.0,0.40495292862774196,0.8109540636042403,0.0,1.0,0.0,0.0,1.0,0.0,1.0,0.0,0.0,0.0,1.0,0.0,1.0,0.0,0.0,0.0
0.7149231531978185,0.0,0.0,0.18573482354032367,0.7791519434628976,0.0,1.0,0.0,0.0,1.0,1.0,0.0,0.0,0.0,1.0,0.0,0.0,1.0,0.0,0.0,0.0
0.8016856717897868,0.0,0.0,0.21026758799795947,0.0,1.0,0.0,0.0,0.0,1.0,0.0,1.0,0.0,0.0,0.0,1.0,0.0,1.0,0.0,0.0,0.0
0.9628160634605849,0.0,0.0,0.1521587905207995,0.4045936395759717,1.0,0.0,0.0,1.0,0.0,1.0,0.0,0.0,0.0,1.0,0.0,0.0,0.0,0.0,1.0,0.0
0.8264749628160634,1.0,0.0,0.10981774335667582,0.5247349823321554,1.0,0.0,0.0,1.0,0.0,0.0,1.0,0.0,0.0,0.0,1.0,0.0,0.0,0.0,1.0,0.0
0.7025285076846801,0.0,0.0,0.06998098594815194,0.0,0.0,1.0,0.0,0.0,1.0,0.0,1.0,0.0,0.0,1.0,0.0,0.0,1.0,0.0,0.0,0.0
0.6529499256321268,0.0,0.0,0.18949125817372348,0.5141342756183745,0.0,1.0,0.0,0.0,1.0,1.0,0.0,0.0,0.0,1.0,0.0,0.0,0.0,0.0,0.0,1.0
0.7397124442240951,0.0,1.0,0.25831285071650517,0.48233215547703184,0.0,1.0,0.0,0.0,1.0,1.0,0.0,0.0,0.0,1.0,0.0,0.0,0.0,0.0,0.0,1.0
0.8512642538423401,0.0,1.0,0.015025738533599231,0.5706713780918727,1.0,0.0,0.0,0.0,1.0,1.0,0.0,0.0,0.0,1.0,0.0,0.0,0.0,1.0,0.0,0.0
0.5661874070401586,0.0,0.0,0.14297639475026663,0.726148409893993,0.0,1.0,0.0,0.0,1.0,0.0,1.0,0.0,0.0,1.0,0.0,0.0,0.0,1.0,0.0,0.0
0.9008428358948933,0.0,0.0,0.19681862449566384,0.4522968197879859,0.0,1.0,0.0,0.0,1.0,0.0,1.0,0.0,0.0,1.0,0.0,0.0,1.0,0.0,0.0,0.0
0.9628160634605849,0.0,1.0,0.7924222047024996,0.5265017667844524,1.0,0.0,0.0,0.0,1.0,0.0,1.0,0.0,0.0,1.0,0.0,0.0,0.0,0.0,1.0,0.0
0.9876053544868615,0.0,0.0,0.0774474794787367,0.46466431095406363,0.0,1.0,0.0,0.0,1.0,0.0,1.0,0.0,0.0,1.0,0.0,0.0,0.0,0.0,1.0,0.0
0.6901338621715418,0.0,0.0,0.05523350183184156,0.6625441696113075,1.0,0.0,0.0,1.0,0.0,0.0,1.0,0.0,0.0,0.0,1.0,0.0,0.0,0.0,1.0,0.0
0.9752107089737232,1.0,0.0,0.05773779158744147,0.4628975265017668,1.0,0.0,0.0,0.0,1.0,0.0,1.0,0.0,0.0,0.0,1.0,0.0,1.0,0.0,0.0,0.0
0.541398116013882,0.0,0.0,0.03723971618049432,0.519434628975265,0.0,1.0,0.0,0.0,1.0,1.0,0.0,0.0,0.0,1.0,0.0,0.0,0.0,0.0,1.0,0.0
0.9504214179474466,0.0,0.0,0.8325372165283123,0.5706713780918727,1.0,0.0,0.0,0.0,1.0,1.0,0.0,0.0,0.0,1.0,0.0,0.0,0.0,0.0,1.0,0.0
0.8512642538423401,0.0,0.0,0.09381811436256549,0.43109540636042404,1.0,0.0,0.0,0.0,1.0,1.0,0.0,0.0,0.0,0.0,1.0,0.0,0.0,1.0,0.0,0.0
0.7025285076846801,0.0,1.0,0.8555395816908593,0.5547703180212014,0.0,1.0,0.0,0.0,1.0,1.0,0.0,0.0,0.0,1.0,0.0,0.0,0.0,0.0,0.0,1.0
0.6901338621715418,1.0,0.0,0.10578305430598711,0.48939929328621906,0.0,1.0,0.0,0.0,1.0,0.0,1.0,1.0,0.0,0.0,0.0,0.0,0.0,1.0,0.0,0.0
0.8388696083292017,0.0,0.0,0.12382321569354915,0.49469964664310956,1.0,0.0,0.0,0.0,1.0,0.0,1.0,1.0,0.0,0.0,0.0,0.0,0.0,0.0,1.0,0.0
0.7768963807635101,0.0,1.0,0.08342994945044746,0.5088339222614842,0.0,1.0,0.0,0.0,1.0,0.0,1.0,1.0,0.0,0.0,0.0,0.0,1.0,0.0,0.0,0.0
0.9380267724343083,0.0,0.0,0.6224087557389975,0.5547703180212014,1.0,0.0,0.0,0.0,1.0,1.0,0.0,1.0,0.0,0.0,0.0,0.0,0.0,0.0,1.0,0.0
0.9008428358948933,0.0,0.0,0.8138941705699578,0.6113074204946997,1.0,0.0,0.0,0.0,1.0,1.0,0.0,0.0,0.0,1.0,0.0,0.0,0.0,1.0,0.0,0.0
0.9876053544868615,0.0,1.0,0.1047627881092612,0.34275618374558303,1.0,0.0,0.0,0.0,1.0,1.0,0.0,0.0,0.0,0.0,1.0,0.0,1.0,0.0,0.0,0.0
0.6901338621715418,0.0,0.0,0.25233038074479425,0.5035335689045937,1.0,0.0,0.0,0.0,1.0,0.0,1.0,1.0,0.0,0.0,0.0,0.0,1.0,0.0,0.0,0.0
0.7025285076846801,0.0,0.0,0.12145805314659369,0.0,0.0,1.0,0.0,0.0,1.0,0.0,1.0,0.0,0.0,1.0,0.0,0.0,0.0,0.0,0.0,1.0
0.6033713435795736,1.0,0.0,0.07916338171868481,0.5353356890459364,1.0,0.0,0.0,0.0,1.0,1.0,0.0,0.0,0.0,1.0,0.0,0.0,0.0,1.0,0.0,0.0
0.6529499256321268,0.0,0.0,0.6293651161712193,0.7137809187279152,1.0,0.0,0.0,0.0,1.0,1.0,0.0,0.0,0.0,0.0,1.0,0.0,0.0,0.0,0.0,1.0
0.9628160634605849,0.0,0.0,0.17131196957751704,0.4275618374558304,1.0,0.0,0.0,0.0,1.0,1.0,0.0,0.0,0.0,1.0,0.0,0.0,0.0,0.0,1.0,0.0
0.6405552801189885,0.0,0.0,0.03737884338913877,0.7332155477031802,1.0,0.0,0.0,0.0,1.0,0.0,1.0,1.0,0.0,0.0,0.0,0.0,0.0,0.0,1.0,0.0
0.9628160634605849,0.0,1.0,0.34257756341881923,0.39929328621908133,0.0,1.0,0.0,0.0,1.0,1.0,0.0,0.0,0.0,1.0,0.0,0.0,0.0,1.0,0.0,0.0
0.9752107089737232,0.0,1.0,0.057598664378797015,0.4275618374558304,0.0,1.0,0.0,0.0,1.0,0.0,1.0,0.0,0.0,1.0,0.0,0.0,0.0,0.0,0.0,1.0
0.9256321269211699,0.0,0.0,0.23326995316050642,0.0,1.0,0.0,0.0,0.0,1.0,0.0,1.0,0.0,0.0,0.0,1.0,0.0,0.0,1.0,0.0,0.0
0.541398116013882,0.0,0.0,0.7790659926726335,1.0,1.0,0.0,0.0,0.0,1.0,1.0,0.0,0.0,0.0,1.0,0.0,0.0,0.0,0.0,1.0,0.0
0.8264749628160634,0.0,0.0,0.12053053842229744,0.4787985865724382,1.0,0.0,0.0,1.0,0.0,0.0,1.0,1.0,0.0,0.0,0.0,0.0,1.0,0.0,0.0,0.0
0.8636588993554783,1.0,1.0,0.7458609655428279,0.5459363957597173,0.0,1.0,0.0,1.0,0.0,1.0,0.0,1.0,0.0,0.0,0.0,0.0,0.0,0.0,1.0,0.0
0.7397124442240951,1.0,0.0,0.09275147242962478,0.48233215547703184,0.0,1.0,0.0,0.0,1.0,1.0,0.0,0.0,0.0,0.0,1.0,0.0,0.0,0.0,0.0,1.0
0.9008428358948933,0.0,0.0,0.07814311552195885,0.5530035335689046,0.0,1.0,0.0,0.0,1.0,0.0,1.0,0.0,0.0,1.0,0.0,0.0,0.0,0.0,0.0,1.0
0.4546355974219137,0.0,0.0,0.1213653016741641,0.42402826855123676,1.0,0.0,0.0,1.0,0.0,0.0,1.0,0.0,0.0,0.0,1.0,0.0,0.0,1.0,0.0,0.0
0.9380267724343083,0.0,0.0,0.22775124055094376,0.5477031802120141,1.0,0.0,0.0,0.0,1.0,0.0,1.0,0.0,0.0,1.0,0.0,0.0,0.0,0.0,1.0,0.0
0.7025285076846801,0.0,0.0,0.017390901080554633,0.49469964664310956,1.0,0.0,0.0,0.0,1.0,1.0,0.0,0.0,0.0,1.0,0.0,0.0,0.0,1.0,0.0,0.0
0.6405552801189885,1.0,0.0,0.029865974122339156,0.5353356890459364,1.0,0.0,0.0,0.0,1.0,0.0,1.0,0.0,0.0,1.0,0.0,0.0,1.0,0.0,0.0,0.0
0.9752107089737232,0.0,0.0,0.9438389834438621,0.5600706713780919,0.0,1.0,0.0,0.0,1.0,1.0,0.0,0.0,0.0,1.0,0.0,0.0,0.0,0.0,0.0,1.0
0.6777392166584035,1.0,0.0,0.8959792236701758,0.6325088339222614,0.0,1.0,0.0,0.0,1.0,1.0,0.0,0.0,0.0,1.0,0.0,0.0,0.0,0.0,1.0,0.0
0.8760535448686166,0.0,0.0,0.7596345591986273,0.0,1.0,0.0,0.0,0.0,1.0,0.0,1.0,0.0,0.0,1.0,0.0,0.0,1.0,0.0,0.0,0.0
0.8760535448686166,0.0,0.0,0.34920929369753745,0.5017667844522968,1.0,0.0,0.0,0.0,1.0,0.0,1.0,1.0,0.0,0.0,0.0,0.0,0.0,0.0,1.0,0.0
0.9504214179474466,1.0,0.0,0.1716829754672355,0.0,0.0,1.0,0.0,0.0,1.0,0.0,1.0,0.0,0.0,0.0,1.0,0.0,0.0,1.0,0.0,0.0
0.9752107089737232,0.0,0.0,0.08083290822241807,0.42402826855123676,1.0,0.0,0.0,0.0,1.0,0.0,1.0,0.0,0.0,1.0,0.0,0.0,1.0,0.0,0.0,0.0
1.0,0.0,0.0,0.6700366368316097,0.5123674911660777,0.0,1.0,0.0,0.0,1.0,0.0,1.0,1.0,0.0,0.0,0.0,0.0,0.0,1.0,0.0,0.0
0.9132374814080316,0.0,0.0,0.029541343968835454,0.0,1.0,0.0,0.0,0.0,1.0,0.0,1.0,1.0,0.0,0.0,0.0,0.0,1.0,0.0,0.0,0.0
0.888448190381755,1.0,0.0,0.6215739924871306,0.6448763250883393,1.0,0.0,0.0,0.0,1.0,1.0,0.0,0.0,0.0,1.0,0.0,0.0,0.0,0.0,1.0,0.0
0.9504214179474466,1.0,0.0,0.34517460464684874,0.3551236749116608,1.0,0.0,0.0,1.0,0.0,0.0,1.0,0.0,0.0,1.0,0.0,0.0,0.0,0.0,1.0,0.0
0.8388696083292017,1.0,0.0,0.58841534109354,0.6448763250883393,0.0,1.0,0.0,1.0,0.0,1.0,0.0,0.0,0.0,1.0,0.0,0.0,0.0,0.0,1.0,0.0
0.4546355974219137,0.0,0.0,0.21026758799795947,0.0,1.0,0.0,0.0,0.0,1.0,1.0,0.0,0.0,0.0,1.0,0.0,0.0,0.0,1.0,0.0,0.0
0.8264749628160634,1.0,0.0,0.6955432917497566,0.4717314487632509,1.0,0.0,0.0,0.0,1.0,1.0,0.0,0.0,0.0,0.0,1.0,0.0,0.0,0.0,1.0,0.0
0.8636588993554783,0.0,0.0,0.9609516301071279,0.6837455830388693,1.0,0.0,0.0,0.0,1.0,0.0,1.0,1.0,0.0,0.0,0.0,0.0,0.0,0.0,1.0,0.0
0.9256321269211699,0.0,0.0,0.38950980846820943,0.5282685512367491,0.0,1.0,0.0,0.0,1.0,0.0,1.0,0.0,0.0,1.0,0.0,0.0,0.0,1.0,0.0,0.0
0.9256321269211699,0.0,0.0,0.7010620043593192,0.6166077738515902,1.0,0.0,0.0,0.0,1.0,0.0,1.0,0.0,0.0,1.0,0.0,0.0,1.0,0.0,0.0,0.0
0.9256321269211699,1.0,0.0,0.6411909289059965,0.47703180212014135,0.0,1.0,0.0,0.0,1.0,1.0,0.0,0.0,0.0,0.0,1.0,0.0,0.0,1.0,0.0,0.0
0.9132374814080316,0.0,0.0,0.6635904094977507,0.4699646643109541,1.0,0.0,0.0,0.0,1.0,1.0,0.0,0.0,0.0,1.0,0.0,0.0,1.0,0.0,0.0,0.0
1.0,0.0,1.0,0.22060937717386264,0.441696113074205,0.0,1.0,0.0,0.0,1.0,1.0,0.0,1.0,0.0,0.0,0.0,0.0,0.0,0.0,1.0,0.0
0.7149231531978185,0.0,0.0,0.2797848165839632,0.42049469964664316,1.0,0.0,0.0,0.0,1.0,1.0,0.0,0.0,0.0,1.0,0.0,0.0,0.0,0.0,0.0,1.0
0.9008428358948933,1.0,0.0,0.06571441821638918,0.38515901060070673,1.0,0.0,0.0,0.0,1.0,0.0,1.0,0.0,0.0,1.0,0.0,0.0,0.0,0.0,1.0,0.0
0.8388696083292017,1.0,1.0,0.0744794323609887,0.6501766784452296,1.0,0.0,0.0,1.0,0.0,0.0,1.0,0.0,0.0,0.0,1.0,0.0,0.0,0.0,1.0,0.0
0.8760535448686166,1.0,0.0,0.7683531976070119,0.5300353356890459,1.0,0.0,0.0,0.0,1.0,0.0,1.0,0.0,0.0,1.0,0.0,0.0,0.0,0.0,1.0,0.0
0.8016856717897868,0.0,0.0,0.44080137272179193,0.48586572438162545,0.0,1.0,0.0,0.0,1.0,0.0,1.0,0.0,0.0,1.0,0.0,0.0,0.0,1.0,0.0,0.0
0.7892910262766484,0.0,0.0,0.05713490701664892,0.0,0.0,1.0,0.0,0.0,1.0,0.0,1.0,0.0,0.0,0.0,1.0,0.0,0.0,1.0,0.0,0.0
0.9504214179474466,0.0,0.0,0.05184807308816031,0.4346289752650177,1.0,0.0,0.0,0.0,1.0,0.0,1.0,0.0,0.0,1.0,0.0,0.0,0.0,0.0,1.0,0.0
0.6901338621715418,1.0,0.0,0.052404581922738,0.5812720848056537,1.0,0.0,0.0,0.0,1.0,1.0,0.0,1.0,0.0,0.0,0.0,0.0,0.0,0.0,1.0,0.0
0.8512642538423401,0.0,1.0,0.8484904697862079,0.46113074204947,1.0,0.0,0.0,0.0,1.0,1.0,0.0,0.0,0.0,1.0,0.0,0.0,0.0,0.0,1.0,0.0
0.9628160634605849,0.0,0.0,0.5266428604554096,0.0,1.0,0.0,0.0,0.0,1.0,1.0,0.0,0.0,0.0,1.0,0.0,0.0,1.0,0.0,0.0,0.0
0.8264749628160634,0.0,1.0,0.7778138477948338,0.5636042402826855,0.0,1.0,0.0,0.0,1.0,0.0,1.0,0.0,0.0,1.0,0.0,0.0,0.0,1.0,0.0,0.0
0.9752107089737232,0.0,0.0,0.09488475629550613,0.6024734982332156,1.0,0.0,0.0,0.0,1.0,0.0,1.0,0.0,0.0,0.0,1.0,0.0,0.0,0.0,1.0,0.0
0.8264749628160634,0.0,0.0,0.1006817233223577,0.48586572438162545,0.0,1.0,0.0,0.0,1.0,0.0,1.0,0.0,0.0,0.0,1.0,0.0,0.0,0.0,0.0,1.0
0.6653445711452651,0.0,0.0,0.17098733942401334,0.4522968197879859,1.0,0.0,0.0,0.0,1.0,1.0,0.0,0.0,0.0,0.0,1.0,0.0,0.0,0.0,1.0,0.0
0.9380267724343083,0.0,1.0,0.8136622918888836,0.6519434628975265,1.0,0.0,0.0,0.0,1.0,1.0,0.0,0.0,0.0,1.0,0.0,0.0,0.0,0.0,1.0,0.0
0.6033713435795736,0.0,0.0,0.21356026526921112,0.5547703180212014,1.0,0.0,0.0,0.0,1.0,1.0,0.0,0.0,0.0,1.0,0.0,0.0,0.0,0.0,0.0,1.0
0.6901338621715418,0.0,0.0,0.7688169549691601,0.6590106007067138,1.0,0.0,0.0,0.0,1.0,0.0,1.0,0.0,0.0,1.0,0.0,0.0,0.0,0.0,0.0,1.0
0.8636588993554783,0.0,0.0,0.6474052775587813,0.6024734982332156,1.0,0.0,0.0,0.0,1.0,0.0,1.0,0.0,0.0,0.0,1.0,0.0,0.0,1.0,0.0,0.0
0.9876053544868615,1.0,0.0,0.08305894356072901,0.441696113074205,1.0,0.0,0.0,0.0,1.0,1.0,0.0,0.0,0.0,0.0,1.0,0.0,0.0,0.0,1.0,0.0
0.9256321269211699,0.0,0.0,0.008394008254881014,0.0,1.0,0.0,0.0,0.0,1.0,0.0,1.0,0.0,0.0,1.0,0.0,0.0,0.0,1.0,0.0,0.0
0.8636588993554783,0.0,1.0,0.11895376339099384,0.0,0.0,1.0,0.0,0.0,1.0,0.0,1.0,0.0,0.0,1.0,0.0,0.0,0.0,0.0,0.0,1.0
0.0,0.0,0.0,0.06613179984232248,0.0,1.0,0.0,0.0,1.0,0.0,0.0,1.0,0.0,0.0,0.0,0.0,1.0,1.0,0.0,0.0,0.0
0.9504214179474466,1.0,0.0,0.6852478783100682,0.8074204946996467,1.0,0.0,0.0,1.0,0.0,0.0,1.0,0.0,0.0,1.0,0.0,0.0,0.0,0.0,1.0,0.0
0.8512642538423401,1.0,0.0,0.15313268098131055,0.6042402826855124,1.0,0.0,0.0,0.0,1.0,0.0,1.0,0.0,0.0,0.0,1.0,0.0,0.0,1.0,0.0,0.0
0.9504214179474466,0.0,0.0,0.35746417474377407,0.4169611307420495,0.0,1.0,0.0,0.0,1.0,0.0,1.0,0.0,0.0,0.0,1.0,0.0,0.0,1.0,0.0,0.0
0.6777392166584035,0.0,0.0,0.4921393127115892,0.48233215547703184,1.0,0.0,0.0,0.0,1.0,1.0,0.0,1.0,0.0,0.0,0.0,0.0,1.0,0.0,0.0,0.0
0.9628160634605849,1.0,0.0,0.08769651718221022,0.0,0.0,1.0,0.0,0.0,1.0,1.0,0.0,0.0,0.0,1.0,0.0,0.0,0.0,0.0,1.0,0.0
0.9628160634605849,1.0,0.0,0.1943607104762788,0.39399293286219084,1.0,0.0,0.0,1.0,0.0,0.0,1.0,1.0,0.0,0.0,0.0,0.0,0.0,1.0,0.0,0.0
0.9876053544868615,0.0,0.0,0.16430923340908038,0.5547703180212014,0.0,1.0,0.0,0.0,1.0,1.0,0.0,0.0,0.0,0.0,1.0,0.0,0.0,0.0,1.0,0.0
0.7768963807635101,0.0,0.0,0.25910123823215697,0.0,0.0,1.0,0.0,0.0,1.0,1.0,0.0,0.0,0.0,0.0,1.0,0.0,0.0,1.0,0.0,0.0
0.9628160634605849,1.0,1.0,0.02239948059175434,0.0,1.0,0.0,0.0,1.0,0.0,1.0,0.0,0.0,0.0,0.0,1.0,0.0,0.0,0.0,1.0,0.0
0.7273177987109568,0.0,0.0,0.19162454203960488,0.4664310954063604,1.0,0.0,0.0,0.0,1.0,0.0,1.0,0.0,0.0,1.0,0.0,0.0,0.0,0.0,0.0,1.0
0.9752107089737232,1.0,0.0,0.16189769512591007,0.5812720848056537,1.0,0.0,0.0,0.0,1.0,1.0,0.0,0.0,0.0,0.0,1.0,0.0,0.0,1.0,0.0,0.0
0.9504214179474466,0.0,0.0,0.02114733571395444,0.0,1.0,0.0,0.0,0.0,1.0,1.0,0.0,0.0,0.0,0.0,1.0,0.0,0.0,1.0,0.0,0.0
0.8760535448686166,1.0,0.0,0.600009275147243,0.6554770318021201,0.0,1.0,0.0,0.0,1.0,1.0,0.0,0.0,0.0,0.0,1.0,0.0,0.0,0.0,1.0,0.0
0.9752107089737232,0.0,0.0,0.038630988266938726,0.7950530035335689,1.0,0.0,0.0,0.0,1.0,0.0,1.0,0.0,0.0,1.0,0.0,0.0,0.0,0.0,1.0,0.0
0.9504214179474466,1.0,0.0,0.0,0.4505300353356891,0.0,1.0,0.0,0.0,1.0,1.0,0.0,0.0,0.0,0.0,1.0,0.0,0.0,1.0,0.0,0.0
0.9752107089737232,0.0,0.0,0.25297964105180165,0.0,1.0,0.0,0.0,0.0,1.0,0.0,1.0,1.0,0.0,0.0,0.0,0.0,1.0,0.0,0.0,0.0
0.9876053544868615,0.0,0.0,0.7286091916709179,0.46113074204947,0.0,1.0,0.0,0.0,1.0,0.0,1.0,0.0,0.0,1.0,0.0,0.0,1.0,0.0,0.0,0.0
0.5537927615270203,0.0,0.0,0.102351249826091,0.5441696113074205,1.0,0.0,0.0,0.0,1.0,0.0,1.0,0.0,0.0,1.0,0.0,0.0,0.0,0.0,1.0,0.0
0.7149231531978185,0.0,0.0,0.25474191902796456,0.5653710247349824,0.0,1.0,0.0,0.0,1.0,0.0,1.0,0.0,0.0,1.0,0.0,0.0,0.0,1.0,0.0,0.0
0.38026772434308376,0.0,0.0,0.09284422390205443,0.5282685512367491,1.0,0.0,0.0,0.0,1.0,1.0,0.0,0.0,0.0,1.0,0.0,0.0,0.0,0.0,0.0,1.0
0.9380267724343083,0.0,0.0,0.11691323099754203,0.0,1.0,0.0,0.0,1.0,0.0,0.0,1.0,0.0,0.0,1.0,0.0,0.0,1.0,0.0,0.0,0.0
0.7397124442240951,1.0,1.0,0.26030700737374207,0.6607773851590106,0.0,1.0,0.0,0.0,1.0,0.0,1.0,0.0,0.0,1.0,0.0,0.0,0.0,0.0,0.0,1.0
0.7645017352503718,0.0,0.0,0.376524602328062,0.5600706713780919,0.0,1.0,0.0,0.0,1.0,1.0,0.0,0.0,0.0,1.0,0.0,0.0,0.0,1.0,0.0,0.0
0.7645017352503718,0.0,1.0,0.2809442099893336,0.6095406360424028,0.0,1.0,0.0,0.0,1.0,0.0,1.0,0.0,0.0,0.0,1.0,0.0,0.0,1.0,0.0,0.0
1.0,1.0,1.0,0.7412233919213467,0.4929328621908127,1.0,0.0,0.0,0.0,1.0,0.0,1.0,1.0,0.0,0.0,0.0,0.0,0.0,1.0,0.0,0.0
1.0,0.0,0.0,0.14149237119139269,0.5212014134275619,0.0,1.0,0.0,0.0,1.0,1.0,0.0,0.0,0.0,1.0,0.0,0.0,0.0,1.0,0.0,0.0
0.7397124442240951,0.0,1.0,0.7130269443027408,0.0,0.0,1.0,0.0,0.0,1.0,0.0,1.0,0.0,0.0,1.0,0.0,0.0,1.0,0.0,0.0,0.0
0.7892910262766484,0.0,0.0,0.6940592681908826,0.8127208480565371,1.0,0.0,0.0,0.0,1.0,0.0,1.0,0.0,0.0,1.0,0.0,0.0,0.0,1.0,0.0,0.0
0.6157659890927119,1.0,0.0,0.25993600148402357,0.7508833922261484,0.0,1.0,0.0,0.0,1.0,0.0,1.0,0.0,0.0,1.0,0.0,0.0,0.0,1.0,0.0,0.0
0.7149231531978185,0.0,0.0,0.2871585586421184,0.627208480565371,0.0,1.0,0.0,0.0,1.0,1.0,0.0,0.0,0.0,0.0,1.0,0.0,0.0,0.0,0.0,1.0
0.8264749628160634,1.0,1.0,1.0,0.549469964664311,0.0,1.0,0.0,0.0,1.0,1.0,0.0,0.0,0.0,1.0,0.0,0.0,0.0,0.0,0.0,1.0
0.8760535448686166,0.0,0.0,0.1938969531141307,0.4752650176678445,1.0,0.0,0.0,0.0,1.0,1.0,0.0,0.0,0.0,1.0,0.0,0.0,0.0,0.0,0.0,1.0
0.7149231531978185,0.0,0.0,0.6701757640402541,0.6325088339222614,0.0,1.0,0.0,0.0,1.0,0.0,1.0,0.0,0.0,1.0,0.0,0.0,0.0,1.0,0.0,0.0
0.8512642538423401,1.0,0.0,0.8644900987803181,0.803886925795053,0.0,1.0,0.0,0.0,1.0,1.0,0.0,0.0,0.0,1.0,0.0,0.0,0.0,1.0,0.0,0.0
0.8388696083292017,0.0,0.0,0.1748365255298428,0.5035335689045937,0.0,1.0,0.0,0.0,1.0,1.0,0.0,0.0,0.0,1.0,0.0,0.0,1.0,0.0,0.0,0.0
0.9628160634605849,0.0,0.0,0.2720400686360896,0.0,0.0,1.0,0.0,0.0,1.0,1.0,0.0,0.0,0.0,1.0,0.0,0.0,0.0,1.0,0.0,0.0
0.9008428358948933,0.0,0.0,0.08741826276492137,0.4699646643109541,1.0,0.0,0.0,0.0,1.0,0.0,1.0,0.0,0.0,0.0,1.0,0.0,0.0,0.0,1.0,0.0
0.9008428358948933,0.0,0.0,0.5148634234568474,0.0,0.0,1.0,0.0,0.0,1.0,0.0,1.0,0.0,0.0,1.0,0.0,0.0,1.0,0.0,0.0,0.0
0.9752107089737232,1.0,1.0,0.5527060242081343,0.5565371024734983,0.0,1.0,0.0,0.0,1.0,0.0,1.0,0.0,0.0,1.0,0.0,0.0,0.0,1.0,0.0,0.0
0.9380267724343083,0.0,0.0,0.15716737003199927,0.5653710247349824,1.0,0.0,0.0,0.0,1.0,1.0,0.0,0.0,0.0,0.0,1.0,0.0,0.0,0.0,1.0,0.0
0.9504214179474466,0.0,0.0,0.24746092844223905,0.5441696113074205,1.0,0.0,0.0,0.0,1.0,1.0,0.0,0.0,0.0,0.0,1.0,0.0,0.0,0.0,1.0,0.0
0.6529499256321268,0.0,0.0,0.14719658674581454,0.549469964664311,0.0,1.0,0.0,0.0,1.0,1.0,0.0,1.0,0.0,0.0,0.0,0.0,0.0,0.0,0.0,1.0
0.9504214179474466,0.0,0.0,0.23480035245559522,0.5830388692579506,1.0,0.0,0.0,0.0,1.0,0.0,1.0,0.0,0.0,1.0,0.0,0.0,0.0,1.0,0.0,0.0
0.9876053544868615,0.0,0.0,0.11139451838797937,0.4134275618374558,1.0,0.0,0.0,0.0,1.0,1.0,0.0,0.0,0.0,1.0,0.0,0.0,0.0,0.0,1.0,0.0
0.9504214179474466,0.0,0.0,0.15804850902008066,0.4752650176678445,0.0,1.0,0.0,1.0,0.0,0.0,1.0,0.0,0.0,0.0,1.0,0.0,0.0,0.0,1.0,0.0
0.9504214179474466,1.0,0.0,0.3649306682743589,0.5936395759717314,0.0,1.0,0.0,0.0,1.0,1.0,0.0,0.0,0.0,0.0,1.0,0.0,1.0,0.0,0.0,0.0
0.7645017352503718,0.0,0.0,0.23405834067615822,0.42226148409893993,1.0,0.0,0.0,0.0,1.0,1.0,0.0,1.0,0.0,0.0,0.0,0.0,1.0,0.0,0.0,0.0
0.467030242935052,0.0,0.0,0.12581737235078605,0.46466431095406363,1.0,0.0,0.0,0.0,1.0,0.0,1.0,0.0,0.0,1.0,0.0,0.0,0.0,0.0,1.0,0.0
0.6157659890927119,0.0,0.0,0.21944998376849234,0.48233215547703184,1.0,0.0,0.0,0.0,1.0,1.0,0.0,1.0,0.0,0.0,0.0,0.0,0.0,1.0,0.0,0.0
0.7645017352503718,0.0,0.0,0.7074154802207486,0.5424028268551236,0.0,1.0,0.0,0.0,1.0,0.0,1.0,0.0,0.0,1.0,0.0,0.0,0.0,0.0,1.0,0.0
0.578582052553297,0.0,0.0,0.08347632518666231,0.3621908127208481,1.0,0.0,0.0,0.0,1.0,0.0,1.0,0.0,0.0,1.0,0.0,0.0,0.0,0.0,1.0,0.0
0.9876053544868615,0.0,0.0,0.18425079998144972,0.3798586572438163,1.0,0.0,0.0,0.0,1.0,0.0,1.0,0.0,0.0,0.0,1.0,0.0,0.0,0.0,1.0,0.0
0.9628160634605849,0.0,1.0,0.6920187357974308,0.5477031802120141,1.0,0.0,0.0,1.0,0.0,0.0,1.0,0.0,0.0,1.0,0.0,0.0,0.0,0.0,0.0,1.0
0.9504214179474466,0.0,0.0,0.2782080415526596,0.4787985865724382,0.0,1.0,0.0,0.0,1.0,0.0,1.0,0.0,0.0,0.0,1.0,0.0,0.0,0.0,1.0,0.0
0.6653445711452651,1.0,1.0,0.7155312340583406,0.7067137809187279,1.0,0.0,0.0,0.0,1.0,0.0,1.0,0.0,0.0,1.0,0.0,0.0,0.0,0.0,0.0,1.0
0.9256321269211699,1.0,1.0,0.6666512080879285,0.0,1.0,0.0,0.0,0.0,1.0,0.0,1.0,0.0,0.0,0.0,1.0,0.0,0.0,0.0,0.0,1.0
0.888448190381755,0.0,1.0,0.7587997959467605,0.5053003533568905,0.0,1.0,0.0,0.0,1.0,1.0,0.0,1.0,0.0,0.0,0.0,0.0,0.0,0.0,1.0,0.0
0.9876053544868615,1.0,1.0,0.903306589992116,0.4964664310954064,0.0,1.0,0.0,0.0,1.0,0.0,1.0,0.0,0.0,1.0,0.0,0.0,0.0,0.0,0.0,1.0
0.9628160634605849,0.0,0.0,0.0770764735890182,0.5017667844522968,0.0,1.0,0.0,0.0,1.0,1.0,0.0,0.0,0.0,1.0,0.0,0.0,0.0,0.0,1.0,0.0
0.7645017352503718,0.0,0.0,0.6921114872698604,0.745583038869258,1.0,0.0,0.0,0.0,1.0,1.0,0.0,1.0,0.0,0.0,0.0,0.0,0.0,1.0,0.0,0.0
0.9876053544868615,0.0,0.0,0.06580716968881878,0.4558303886925795,1.0,0.0,0.0,1.0,0.0,0.0,1.0,1.0,0.0,0.0,0.0,0.0,0.0,0.0,0.0,1.0
0.5909766980664353,0.0,0.0,0.2260817140472105,0.5636042402826855,0.0,1.0,0.0,1.0,0.0,1.0,0.0,0.0,0.0,1.0,0.0,0.0,0.0,0.0,0.0,1.0
0.6901338621715418,0.0,1.0,0.7441914390390947,0.5477031802120141,1.0,0.0,0.0,0.0,1.0,0.0,1.0,0.0,0.0,1.0,0.0,0.0,1.0,0.0,0.0,0.0
0.9876053544868615,0.0,0.0,0.5949543198998284,0.48586572438162545,1.0,0.0,0.0,0.0,1.0,1.0,0.0,0.0,0.0,1.0,0.0,0.0,0.0,0.0,1.0,0.0
0.9008428358948933,0.0,0.0,0.02258498353661359,0.0,0.0,1.0,0.0,0.0,1.0,1.0,0.0,0.0,0.0,0.0,1.0,0.0,0.0,0.0,1.0,0.0
0.467030242935052,0.0,0.0,0.19315494133469369,0.5229681978798587,1.0,0.0,0.0,0.0,1.0,0.0,1.0,0.0,0.0,0.0,1.0,0.0,0.0,0.0,0.0,1.0
0.9752107089737232,1.0,0.0,0.04600473032509389,0.6254416961130742,1.0,0.0,0.0,1.0,0.0,0.0,1.0,0.0,0.0,1.0,0.0,0.0,0.0,0.0,1.0,0.0
0.9876053544868615,0.0,0.0,0.11983490237907529,0.29858657243816256,1.0,0.0,0.0,0.0,1.0,1.0,0.0,0.0,0.0,0.0,1.0,0.0,0.0,0.0,1.0,0.0
0.9628160634605849,0.0,0.0,0.19301581412604923,0.3798586572438163,1.0,0.0,0.0,0.0,1.0,0.0,1.0,0.0,0.0,1.0,0.0,0.0,0.0,0.0,0.0,1.0
0.888448190381755,0.0,0.0,0.06877521680656679,0.607773851590106,1.0,0.0,0.0,0.0,1.0,0.0,1.0,0.0,0.0,0.0,1.0,0.0,0.0,0.0,1.0,0.0
0.9380267724343083,1.0,0.0,0.6665584566154987,0.49469964664310956,1.0,0.0,0.0,0.0,1.0,0.0,1.0,0.0,0.0,0.0,1.0,0.0,0.0,1.0,0.0,0.0
0.9504214179474466,0.0,0.0,0.7529100774474795,0.47349823321554774,0.0,1.0,0.0,0.0,1.0,0.0,1.0,0.0,0.0,0.0,1.0,0.0,1.0,0.0,0.0,0.0
0.8264749628160634,0.0,0.0,0.7185920326485182,0.6943462897526501,1.0,0.0,0.0,0.0,1.0,1.0,0.0,0.0,0.0,1.0,0.0,0.0,1.0,0.0,0.0,0.0
0.6901338621715418,0.0,0.0,0.14000834763251863,0.5600706713780919,0.0,1.0,0.0,0.0,1.0,0.0,1.0,0.0,0.0,1.0,0.0,0.0,1.0,0.0,0.0,0.0
0.9380267724343083,0.0,0.0,0.49172193108565593,0.5759717314487633,0.0,1.0,0.0,0.0,1.0,1.0,0.0,0.0,0.0,0.0,1.0,0.0,0.0,1.0,0.0,0.0
0.6157659890927119,1.0,0.0,0.14881973751333305,0.5017667844522968,1.0,0.0,0.0,0.0,1.0,0.0,1.0,0.0,0.0,1.0,0.0,0.0,0.0,0.0,1.0,0.0
0.7273177987109568,0.0,1.0,0.16607151138524323,0.6342756183745583,0.0,1.0,0.0,0.0,1.0,0.0,1.0,0.0,0.0,1.0,0.0,0.0,0.0,0.0,0.0,1.0
0.8016856717897868,0.0,0.0,0.09437462319714318,0.3745583038869258,0.0,1.0,0.0,0.0,1.0,1.0,0.0,0.0,0.0,1.0,0.0,0.0,0.0,1.0,0.0,0.0
0.6901338621715418,0.0,0.0,0.6546862681445069,0.6095406360424028,0.0,1.0,0.0,0.0,1.0,1.0,0.0,0.0,0.0,1.0,0.0,0.0,0.0,1.0,0.0,0.0
0.8264749628160634,0.0,0.0,0.824699717108009,0.7491166077738516,0.0,1.0,0.0,0.0,1.0,1.0,0.0,0.0,0.0,1.0,0.0,0.0,0.0,0.0,1.0,0.0
0.8264749628160634,1.0,1.0,0.8876315911515096,0.715547703180212,1.0,0.0,0.0,0.0,1.0,0.0,1.0,0.0,0.0,1.0,0.0,0.0,0.0,1.0,0.0,0.0
0.6901338621715418,0.0,0.0,0.13379399897973376,0.6484098939929329,0.0,1.0,0.0,0.0,1.0,1.0,0.0,0.0,0.0,1.0,0.0,0.0,1.0,0.0,0.0,0.0
0.15716410510659395,0.0,0.0,0.008440383991095812,0.5459363957597173,1.0,0.0,0.0,1.0,0.0,1.0,0.0,0.0,0.0,0.0,0.0,1.0,1.0,0.0,0.0,0.0
0.9132374814080316,0.0,0.0,0.1052265454714093,0.5176678445229682,1.0,0.0,0.0,0.0,1.0,1.0,0.0,0.0,0.0,0.0,1.0,0.0,0.0,1.0,0.0,0.0
0.8636588993554783,1.0,0.0,0.1469647080647405,0.0,0.0,1.0,0.0,0.0,1.0,1.0,0.0,0.0,0.0,0.0,1.0,0.0,1.0,0.0,0.0,0.0
0.9504214179474466,0.0,0.0,0.10527292120762416,0.3462897526501767,1.0,0.0,0.0,0.0,1.0,1.0,0.0,0.0,0.0,1.0,0.0,0.0,1.0,0.0,0.0,0.0
